,MAE,MSE,MAPE,WMAPE,Spearman
stvv_historical,13.71596172338133,713.0074559352357,50358.107488430614,30377.2482171519,0.5175607228830971
emvv_adapted,0.04238236229425821,0.0061608453395085375,79.75387086257963,93.86578684068752,0.5216333757744132
mivv_adapted_garch,0.03534453072844047,0.005042896422566615,102.92564953851573,78.27884071930045,0.4139002086315887
mivv_adapted_egarch,0.03531337210617984,0.0050081454350123485,125.93331166756528,78.2098325650343,0.4077408072287927
